{
  "Town01_3way": [93.70275115966797, 200.7403106689453],
  "Town01_Straight": [254.2249755859375, 300.88372802734375],
  "Town02_3way": [41.620059967041016, 191.54580688476562],
  "Town02_Straight": [110.15972900390625, 258.85760498046875],
  "Town03_3way_Protected": [187.63462829589844, -2.8370285034179688],
  "Town03_3way_Unprotected": [3.7141036987304688, -154.9966278076172],
  "Town03_4way": [-65.73756408691406, -122.9695053100586],
  "Town03_5way": [-64.09320068359375, 2.4671669006347656],
  "Town03_GasStation": [-20.871902465820312, 141.3246307373047],
  "Town03_Roundabout": [0.0, 0.0],
  "Town04_3way_Large": [-378.30316162109375, -12.988147735595703],
  "Town04_3way_Small": [127.83306884765625, -167.14236450195312],
  "Town04_4way_Stop": [197.35690307617188, -192.64134216308594],
  "Town04_Merging": [92.00399780273438, 5.6601104736328125],
  "Town04_Parking": [288.290771484375, -212.30825805664062],
  "Town06_4way_large": [2.7990493774414062, -17.995826721191406],
  "Town06_Merge_Double": [-142.56692504882812, 58.08183670043945],
  "Town06_Merge_Single": [515.815185546875, 29.682167053222656],
  "Town07_3way": [-95.72276306152344, 25.259380340576172],
  "Town07_4way": [-101.99176025390625, 40.31178283691406],
  "Town10HD_3way_Protected": [-32.242706298828125, 87.99059295654297],
  "Town10HD_3way_Stop": [28.333023071289062, 62.63806915283203],
  "Town10HD_4way": [-33.782386779785156, 26.179428100585938]
}
